{
  "timestamp": "2026-05-13-010145",
  "backend": "ollama",
  "mode": "latency-only",
  "surfaces": {},
  "latency": {
    "ask_gemma_chat": {
      "n": 1347,
      "p50_ms": 2405.0,
      "p95_ms": 25166.1,
      "p99_ms": 29717.59999999999,
      "mean_ms": 6018.735708982925,
      "min_ms": 3,
      "max_ms": 94544
    },
    "chip": {
      "n": 32,
      "p50_ms": 8138.0,
      "p95_ms": 21295.149999999998,
      "p99_ms": 23214.25,
      "mean_ms": 8700.125,
      "min_ms": 5,
      "max_ms": 23284
    },
    "boss_narrative": {
      "n": 152,
      "p50_ms": 3192.5,
      "p95_ms": 21287.84999999999,
      "p99_ms": 35017.27000000002,
      "mean_ms": 6982.5328947368425,
      "min_ms": 743,
      "max_ms": 37535
    },
    "career_description": {
      "n": 185,
      "p50_ms": 5330.0,
      "p95_ms": 12445.599999999999,
      "p99_ms": 27230.759999999882,
      "mean_ms": 6244.291891891892,
      "min_ms": 3,
      "max_ms": 128892
    },
    "guidance": {
      "n": 28,
      "p50_ms": 4848.0,
      "p95_ms": 32573.29999999998,
      "p99_ms": 52170.770000000004,
      "mean_ms": 8921.464285714286,
      "min_ms": 2731,
      "max_ms": 57503
    },
    "skill_pool": {
      "n": 36,
      "p50_ms": 16771.0,
      "p95_ms": 33096.75,
      "p99_ms": 45002.699999999975,
      "mean_ms": 16744.222222222223,
      "min_ms": 1666,
      "max_ms": 51267
    },
    "skill_recs": {
      "n": 27,
      "p50_ms": 7043.0,
      "p95_ms": 15143.099999999995,
      "p99_ms": 26879.499999999978,
      "mean_ms": 7095.444444444444,
      "min_ms": 1057,
      "max_ms": 30071
    },
    "career_pick_qna": {
      "n": 14,
      "p50_ms": 2305.5,
      "p95_ms": 13303.8,
      "p99_ms": 14347.96,
      "mean_ms": 4220.714285714285,
      "min_ms": 1587,
      "max_ms": 14609
    },
    "initial_major_resolution": {
      "n": 408,
      "p50_ms": 4333.0,
      "p95_ms": 27805.1,
      "p99_ms": 64688.05000000006,
      "mean_ms": 8370.799019607843,
      "min_ms": 4,
      "max_ms": 98732
    },
    "pdf_questions": {
      "n": 30,
      "p50_ms": 3364.0,
      "p95_ms": 13544.349999999988,
      "p99_ms": 20619.630000000005,
      "mean_ms": 5181.133333333333,
      "min_ms": 1514,
      "max_ms": 22694
    },
    "soc_expansion": {
      "n": 183,
      "p50_ms": 2575.0,
      "p95_ms": 41869.30000000001,
      "p99_ms": 60753.88,
      "mean_ms": 9388.56830601093,
      "min_ms": 868,
      "max_ms": 79460
    },
    "compare": {
      "n": 3,
      "p50_ms": 31044.0,
      "p95_ms": 42276.9,
      "p99_ms": 43275.38,
      "mean_ms": 26732.666666666668,
      "min_ms": 5629,
      "max_ms": 43525
    }
  }
}